especie_key,tipo_especie,nombre_comun,nombre_cientifico
1,AVES,MARTINICA,PORPHYRULA MARTINICA (LINNAEUS)
2,ARACNIDOS,TARANTULA,ARAÑA POLLERA
3,AVES,CHOLIBA,OTUS CHOLIBA
4,AVES,LORA CABECIAZUL,PIONUS MENSTRUUS
5,REPTILES,IGUANA,IGUANA IGUANA
6,MAMIFEROS,HOFFMANNI,CHOLOEPUS HOFFMANNI W.H. PETERS
7,REPTILES,TORTUGA ICOTEA,TRACHEMYS SCRIPTA
8,AVES,GUACAMAYEJA,ARA SEVERA
9,AVES,GUACAMAYA AZUL AMARILLA,ARA ARARAUNA
10,AVES,GUACAMAYA BANDERA,ARA MACAO
11,AVES,LORA FRENTIAMARILLA,AMAZONA OCHROCEPHALA
12,AVES,LORA FRENTIAMARILLA,AMAZONA AMAZONICA
13,AVES,MOCHO ORELHUDO,RHINOPTYNX CLAMATOR
14,REPTILES,TORTUGA MORROCOY,GEOCHELONE CARBONARIA
15,MAMIFEROS,NOVEMCINCTUS,DASYPUS NOVEMCINCTUS LINNAEUS
16,MAMIFEROS,NASUA,NASUA NASUA
17,MAMIFEROS,PUERCO ESPIN,COENDU SP.
18,REPTILES,BOA,BOA CONSTRICTOR
19,MAMIFEROS,NOVENCNCTUS,DASYPUS NOVENCNCTUS
20,MAMIFEROS,TITI PIEL ROJA,SAGUINUS LEUCOPUS
21,AVES,IGNOBILIS,TURDUS IGNOBILIS
22,AVES,VITRIOLINA,TANGARA VITRIOLINA
23,AVES,MIRLA PANTANERA,TURDUS FUSCATER
24,AVES,TURPIAL,ICTERUS CHRYSATER
25,AVES,CANARIO SILVESTRE,SICALIS FLAVEOLA
26,AVES,SPIZA,CHLOROPHANES SPIZA
27,MAMIFEROS,FLAVUS,POTOS FLAVUS (SCHREBER)
28,AVES,TUCAN CONFITE,RAMPHASTOS SULPHURATUS
29,AVES,PERICO REAL,BROTOGERIS JUGULARIS
30,AVES,FLAMINGO ROSADO,PHOENICOPTERUS RUBER
31,AVES,PERICO REAL,BOTOGERIS JUGULARIS
32,AVES,MAGNIROSTRIS,BUTEO MAGNIROSTRIS
33,REPTILES,TORTUGA PIMPANO,KINOSTERNON SP.
34,REPTILES,BABILLA,CAIMAN COCODRYLUS
35,MAMIFEROS,MONO MAICERO,CEBUS ALBIFRONS
36,REPTILES,TORTUGA PALMERA,RHINOCLEMMYS MELANOSTERNA
37,MAMIFEROS,LONGICAUDIS ANNECTENS,LUTRA LONGICAUDIS ANNECTENS FORSYTH-MAJOR
38,REPTILES,BOA CONSTRICTOR,BOA CONSTRICTOR
39,MAMIFEROS,PEREZOSO DE ANTIFAZ,BRADYPUS VARIEGATUS
40,REPTILES,TORTUGA CHARAPA,PODOCNEMYS EXPANSA
41,AVES,SULPHURATUS,PITANGUS SULPHURATUS
42,MAMIFEROS,ZORRO,DUSCICION THOUS
43,REPTILES,CORAIS,DRYMARCHON CORAIS MELANURUS
44,MAMIFEROS,MONO CARIBLANCO,CEBUS CAPUCHINUS
45,MAMIFEROS,GRANATENSIS,SCIURUS GRANATENSIS
46,AVES,SEGMENTATA SEGMENTATA,UROPSALIS SEGMENTATA SEGMENTATA (CASSIN)
47,AVES,CHILENSIS,VANELLUS CHILENSIS
48,AVES,AUTUMNALIS,AMAZONA AUTUMNALIS
49,REPTILES,PETOLAE,OXYRHOPHUS PETOLAE
50,AVES,NIGRICANS,SAYORNIS NIGRICANS
51,AVES,LORA CARISUCIA,ARATINGA PERTINAX
52,MAMIFEROS,ZARIGÜEYA,CALUROMYS DERBIANUS
53,MAMIFEROS,SENICULUS SENICULUS,ALOUATTA SENICULUS SENICULUS (LINNAEUS)
54,AVES,SPARVERIUS,FALCO SPARVERIUS
55,MAMIFEROS,MANO LANUDO,LAGOTHRIX LAGOTRICHA
56,AVES,IBIS,BUBULCUS IBIS
57,MAMIFEROS,MONO CACHUDO,CEBUS APELLA
58,AVES,ARICULATA,ZENEIDA ARICULATA
59,MAMIFEROS,MONO ARDILLA,SAIMIRI SCIUREUS
60,REPTILES,ANNULATA,LEPTODEIRA ANNULATA
61,REPTILES,GEOCHELONE DENTICULATA,GEOCHELONE DENTICULATA
62,AVES,FULIGINOSA,DENDROCINCLA FULIGINOSA
63,AVES,TZACATL,AMAZILIA TZACATL
64,AVES,ATRATUS,CORAGYPS ATRATUS
65,AVES,DESCONOCIDO,DESCONOCIDO
66,MAMIFEROS,YAGUARONDI,HERPAILURUS YAGUARONDI
67,REPTILES,DESCONOCIDO,SPILOTES SP.
68,MAMIFEROS,PERRO VENADERO,SPEOTHOS VENATICUS
69,REPTILES,MONTICOLA,CHIRONIUS MONTICOLA
70,MAMIFEROS,PACA,AGOUTI PACA
71,AVES,LINEATUS,DRYOCOPUS LINEATUS
72,MAMIFEROS,PUNCTATA,DASYPROCTA PUNCTATA J.E. GRAY
73,MAMIFEROS,TIGRILLO,LEOPARDIS WIEDII
74,AVES,GAVILAN CAMINERO,RUPORNIX MAGNIROSTRI
75,CRUSTACEOS,CANGREJO DE MAR,GEOCARCINUS RURICOLA
76,CRUSTACEOS,CANGREJO DE AGUA DULCE,NEOSTRENGERIA  SP
77,MAMIFEROS,ALBIVENTRIS ANDINA,DIDELPHIS ALBIVENTRIS ANDINA J.A. ALLEN
78,AVES,BUHO DE ANTEOJOS,PULSATRIX PERSPICILLATA
79,AVES,PRASINU ALBIVITTA,AULACORHYNCHUS PRASINU ALBIVITTA (BOISSONNEAU)
80,AVES,PALOMAS COLLAJERAS,COLUMBA FASCIATA
81,MAMIFEROS,PUNCTATA,DASYPROCTA PUNCTATA
82,ESPECIMENES,BOA CONSTRICTOR,BOA CONSTRICTOR
83,REPTILES,TORTUGA MORDEDORA,CHELYDRA SERPENTINA
84,ESPECIMENES,CUSUMBO,NASAU NASAU
85,AVES,CONSPICILLATUS,FORPUS CONSPICILLATUS  SUBSP. PERQUITO
86,AVES,COMPAS,MELANERPES RUBRICAPILLUS
87,AVES,PISINGOS,DENDROCYGNA AUTUMNALIS
88,AVES,WAGLERI,ARATINGA WAGLERI
89,ESPECIMENES,PERRO DE MONTE,POTOS FLAVUS
90,REPTILES,LOVERIDGEI,ATRACTUS LOVERIDGEI
91,REPTILES,SERPIENTE RABO DE AJI,LAMPROPELTIS TRIANGULUM
92,REPTILES,CLELIA CLELIA,CLELIA CLELIA
93,MAMIFEROS,HORMIGUERO,TAMANDUA TETRADACTYLA
94,REPTILES,BIVITTATUS,DENDROPHIDION BIVITTATUS
95,MAMIFEROS,MONO ARAÑA,ATELES BELZEBUTH
96,MAMIFEROS,TIGRINA,FELIS TIGRINA
97,MAMIFEROS,LEMORINUS LEMORINUS,AOTUS LEMORINUS LEMORINUS (E. GEFFROY - ST. HILAIRE)
98,AVES,AEDON,TROGLODYTES AEDON
99,AVES,CARIPENSIS,STEATORNIS CARIPENSIS HUMBOLDT
100,AVES,GILVUS,MIMUS GILVUS
101,AVES,ARRENDAJO,CACICUS CELA
102,AVES,RAMPHASTINUS,SEMNORNIS RAMPHASTINUS
103,AVES,TURPIAL GUAJIRO TOCHE,ICTERUS ICTERUS
104,AVES,AZULEJO,TRHAUPIS EPISCOPUS
105,ESPECIMENES,MANTARAYA,MANTA RAYA
106,ESPECIMENES,CAPARAZON TORTUGA,CAPARAZON TORTUGA
107,MAMIFEROS,VIRGINIANUS,ODOCOILEUS VIRGINIANUS (ZIMMERMAN)
108,MOLUSCOS,CARACOLES,SPROPHOCHEILUS OBLONGUS
109,ESPECIMENES,PACARANA,DINOMIYS BRANIICKII
110,ESPECIMENES,ARMADILLO,DASYPUS NOVENMCINTUS
111,MAMIFEROS,CHIGÜIRO,HYDROCHAERIS HYDROCHAERIS
112,AVES,LORA OJIPLATA,AMAZONA FARINOSA
113,MAMIFEROS,BRANICKII,DINOMYS BRANICKII
114,AVES,PERSPICAX,PENELOPE PERSPICAX
115,AVES,RUSTICA,HIRUNDO RUSTICA
116,AVES,GUACAMAYA ROJA,ARA CHLOROPTERA
117,ANFIBIOS,RANA TORO,RANA CASTESBEIANA
118,ANFIBIOS,MARINUS,BUFO MARINUS
119,AVES,AVESTRUS,ESTRUTIO CAMELUS
120,MAMIFEROS,THOUS,CERDOCYON THOUS
121,ESPECIMENES,IGUANA,IGUANA IGUANA
122,AVES,LANIIROSTRIS,EUPHONIA LANIIROSTRIS
123,MAMIFEROS,RUFINA,MAZAMA RUFINA BOURCIER & PUCHERÁN
124,REPTILES,ANNULATA,LEPTODEIRA ANNULATA CF.
125,AVES,EPISCOPUS,THRAUPIS EPISCOPUS
126,MAMIFEROS,MARSUPIALIS,DIDELPHIS MARSUPIALIS
127,AVES,MOMOTA,MOMOTUS MOMOTA
128,MAMIFEROS,MURCIELAGO,NOCTILIO ALBIVENTRIS
129,REPTILES,CAMALEON,CAMALEON
130,REPTILES,CHLORIS,ANOLIS CHLORIS
131,AVES,AZULEJO,THRAUPIS EPISCOPUS
132,AVES,LONGIROSTRIS RUFICERVIX,CAPRIMULGUS LONGIROSTRIS RUFICERVIX (P.L. SCLATER)
133,REPTILES,DESCONOCIDO,LEPIDOBLEPHARIS SP.
134,AVES,ALBA,TYTO ALBA
135,REPTILES,SERPIENTE CASCABEL,CROTALUS DIRUSSUS
136,AVES,JACULA,HELIODOXA JACULA
137,AVES,TINGUA NEGRUZCA,PARDIRALLUS NIGRACANS
138,MAMIFEROS,TITI PIEL ROJA,SAGUINUS OEDIPUS
139,MAMIFEROS,TIGRILLO,LEOPARDUS TIGRINUS
140,AVES,MELANOLEUCUS AUSTRALIS,GERANOAETUS MELANOLEUCUS AUSTRALIS SWANN
141,REPTILES,PERCARINATUM,DENDROPHIDION PERCARINATUM
142,MAMIFEROS,TITI BEBE LECHE,SAGUINUS FUSCICOLLIS
143,ESPECIMENES,SERPIENTE CASCABEL,CROTALUS DURISSUS
144,AVES,HAEMATOPYGUS,AULACORHYNCHUS HAEMATOPYGUS
145,ARACNIDOS,TARANTULA,TARANTULA
146,AVES,COTORRA ALIROJA,ARATINGA LEUCOPHTALMUS
147,AVES,POECILURUS POECILURUS,KNIPOLEGUS POECILURUS POECILURUS (P.L. SCLATER)
148,AVES,SWAINSONII,RAMPHASTOS SWAINSONII
149,AVES,CHALCOPTERUS,PIONUS CHALCOPTERUS
150,ANFIBIOS,DESCONOCIDO,INDETERMINADA SP.
151,REPTILES,FALSA CORAL,ERYTHROLAMPRUS  BIZONA
152,AVES,STYGIUS ROBUSTUS,ASIO STYGIUS ROBUSTUS KELSO
153,AVES,CHIMACHIMA,MILVALGO CHIMACHIMA
154,AVES,GRISEUS,NYCTIBIUS GRISEUS
155,AVES,CAROLIENSIS,CAPRIMULGUS CAROLIENSIS GMELIN
156,AVES,YNCAS,CYANOCORAX YNCAS
157,AVES,BUHO RAYADO,ASIO CLAMATUR
158,AVES,COLUMBARIUS,FALCO COLUMBARIUS
159,AVES,CYANOLEUCA,NOTIOCHELIDON CYANOLEUCA
160,AVES,INSEPARABLE,AGAPORNIS PERSONATA
161,ANFIBIOS,SALAMANDRA,SALAMANDRA SALAMANDRA
162,AVES,MELANOLEUCUS,CAMPEPHILUS MELANOLEUCUS
163,AVES,TORQUATA,CERYLE TORQUATA
164,AVES,ALBITARSUS,CICCABA ALBITARSUS (BONAPARTE)
165,MAMIFEROS,GRANATENSIS QUINDIANUS,SCIURUS GRANATENSIS QUINDIANUS (J.A. ALLEN)
166,AVES,FASCIATA ALBILINEA,COLUMBA FASCIATA ALBILINEA BONAPARTE
167,ESPECIMENES,BABILLA DISECADA,CAIMA COCODRILUS
168,ESPECIMENES,DANTA,TAPIRUS TERRESTRIS
169,ESPECIMENES,TIGRILLO (PIEL),FELIX PARDALIS
170,ESPECIMENES,VENADO (PIEL),MAZAMA RUFINA
171,AVES,AVESTRUZ,STRUTHIO CAMELIUS
172,AVES,RUBINUS,PYROCEPHALUS RUBINUS
173,ESPECIMENES,LEON,PANTHERA LEO
174,MAMIFEROS,TIGRILLO (PIEL),LEOPARDUS PARDALIS
175,AVES,BRISSONII,CYANOCOMPSA BRISSONII
176,AVES,PERUVIANA,RUPICOLA PERUVIANA
177,AVES,CORCOMORAN NEOTROPICAL,PHALACROCORAX BRASILIANUS
178,AVES,VERMICULATUS,OTUS (VERMICULATUS?)
179,AVES,PUNCTIGULA,CHRYSOPTILUS PUNCTIGULA
180,REPTILES,GALERITUS,BASILISCUS GALERITUS
181,MAMIFEROS,TAMARINO GEOFFROYI,SAGUINUS GEOFFROYI
182,AVES,SUIRIRI CARIBLANCO,DENDROCYGNA VIUDATA
183,REPTILES,SERPIENTE,IMANTODES CENCHOA
184,ESPECIMENES,CONCHAS DE CARACOL,HELIX ASPERSA
185,MOLUSCOS,CARACOL COMUN DE JARDIN,HELIX ASPERSA
186,PRODUCTOS,IGUANA (HUEVOS),IGUANA IGUANA
187,AVES,CINNAMOMEA,PYRRHOMYIAS CINNAMOMEA
188,ESPECIMENES,AGUILA,PANDION ALIAETUS
189,AVES,PLATYPTERUS,BUTEO PLATYPTERUS
190,MAMIFEROS,GUAGUA LOBA,DINOMYS BRANICKII
191,AVES,IBIS NEGRO,MESEMBRINISBIS CAYANNENSIS
192,AVES,PRINCEPS,LEUCOPTERNIS PRINCEPS
193,ESPECIMENES,PICO DE TUCAN,RAMPHASTOS SP
194,AVES,TALPACOTI,COLUMBINA TALPACOTI
195,AVES,ZONARIS,STREPTOPROCNE ZONARIS
196,REPTILES,OJO DE GATO,LEPTODEIRA SEPTENTRIONALI
197,AVES,ALCARAVAN,BURHINUS BISTRATUS
198,AVES,HALIAETUS,PANDION HALIAETUS
199,AVES,HALCON APLOMADO,FALCO FEMORALIS
200,AVES,CARACARA,CARACARA PLANCUS
201,MAMIFEROS,THOUS SUBSP.,CERDOCYON THOUS SUBSP.
202,REPTILES,HICOTEA,TRACHEMYS CALLIROSTRIS
203,ARACNIDOS,ARAÑA TIGRE,ARAGIOPE BRUENNICHI
204,MAMIFEROS,CONEJO SILVESTRE,SYLVILAGUS BRASILIENSIS
205,REPTILES,SCHLEGELLII,BOTHROPS SCHLEGELLII
206,AVES,ARTHUS,TANGARA ARTHUS
207,AVES,GUARAUNA,ARAMUS GUARAUNA
208,ESPECIMENES,TORTUGA HICOTEA,TRACHEMYS SCRIPTA
209,REPTILES,CAZADORA VERDE,LEPTOPHIS AHAETULLA
210,AVES,VIRGATA,CICCABA VIRGATA
211,AVES,FRANCIAE,AMAZILIA FRANCIAE
212,ANFIBIOS,DESCONOCIDO,BOLITOGLOSSA SP.
213,AVES,PATO DE TORRENTE,MARGANETTA ARMATA
214,AVES,GUACAMAYA VERDE,ARA MILITARIS
215,MAMIFEROS,MARTEJA,AOTUS TRIVIGATUS
216,AVES,GOUDOTII,CHAMAEPETES GOUDOTII
217,AVES,CURRUCUTU,MEGASCOPS CHOLIBA
218,MAMIFEROS,SP. (FRENATA O FELIPEI),MUSTELA SP. (FRENATA O FELIPEI)
219,ARTROPODOS,ARTROPODOS,PHYLLIUM SP
220,AVES,TUMULTUOSUS SENILOIDES,PIONUS TUMULTUOSUS SENILOIDES (MASSENA & SOUANCÉ)
221,ANFIBIOS,AUREOGUTTATUM,HYALINOBATRACHIUM AUREOGUTTATUM
222,AVES,ABURRI,ABURRIA ABURRI
223,ESPECIMENES,YAGUARONDI,YAFUARONDI
224,REPTILES,TORTUGA MORROCOY,CHELONOIDIS CARBONARIA
225,AVES,BRACHYURA,CHAETURA BRACHYURA
226,MAMIFEROS,FULIGINOSA CANDELENSIS,DASYPROCTA FULIGINOSA CANDELENSIS J.A. ALLEN
227,REPTILES,CARINATUS,CHIRONIUS CARINATUS
228,AVES,PAUJIL,CRAX TORMENTOSA
229,MAMIFEROS,AEMADILLO ZAPILOTE O COLA DESNUDA,CABASSOUS INICINTUS
230,AVES,ANI,CROTOPHAGA ANI
231,AVES,AMERICANUS,COCCYZUS AMERICANUS
232,ESPECIMENES,JAGUAR,PANTHERA ONCA
233,AVES,MELANOLEUCOS MALHERBII,CAMPEPHILUS MELANOLEUCOS MALHERBII (G.R. GRAY)
234,REPTILES,DESCONOCIDO,PORTHIDIUM NASUTUM
235,REPTILES,BODDAERTHI,MASTIGODRYAS BODDAERTHI
236,CRUSTACEOS,AEGLAE SP,CANGREJO
237,AVES,NYCTICORAX,NYCTICORAX NYCTICORAX
238,MAMIFEROS,MONO ARAÑA,ATELES HYBRIDUS
239,ESPECIMENES,ARDILLA,SCIURUS GRANATENSIS
240,AVES,PAVA,ORTALIS MOTMOT
241,MOLUSCOS,CARACOL ROMANO,HELIX POMATIA
242,MAMIFEROS,PUERCO ESPIN,ATELERIX ALBIVENTRIS
243,REPTILES,MIPARTITUS,MICRURUS MIPARTITUS
244,AVES,CARPINTERO REAL,COLOPTES MELANOCHLOROS
245,ARACNIDOS,ARAÑA DE JARDIN O TIGRE,ARANEUS DIADEMATOS
246,MAMIFEROS,MURCIELAGO,CHIROPTERA SP.
247,AVES,SENILIS,MYORNIS SENILIS (LA FRESNAYE)
248,MAMIFEROS,ZORRO CANGREJERO,CERDOCYON THOUS
249,AVES,GARCITA AZULADA O RAYADA,BUTERIDES STRIATA
250,AVES,CRISTATER,ICTERUS CRISTATER
251,AVES,COCOI,ARDEA COCOI
252,AVES,AÍBICOLLIS,SALTATOR AÍBICOLLIS
253,AVES,PALOMA COLLAREJA,STREPTOPELIA DECAOCTO
254,AVES,GUACAMAYA VERDE LIMON,ARA AMBIGUA
255,AVES,COTORRA LLANERA COTORRA PECHIBLANCA,PIONITES MELANOCEPHALA
256,AVES,DIMIDIATUS,RAMPHOCELUS DIMIDIATUS
257,AVES,ICTERONOTUS,RAMPHOCELUS ICTERONOTUS
258,AVES,TANGARA DE PALMERA,THRAUPIS PALMARUM
259,AVES,FLAVA,PIRANGA FLAVA
260,REPTILES,BOS CONSTRICTOR,BOA CONSTRICTOR
261,ESPECIMENES,CHIGUIRO,HIDROCHAERIS HIDROCHAERIS
262,ESPECIMENES,JAGUAR,PANTHERA LEO
263,MAMIFEROS,MONO ARAÑA,ATELES FUSCICEPS
264,AVES,ARMATA,MERGANETTA ARMATA
265,AVES,ALBOGULARIS ALBOGULARIS,OTUS ALBOGULARIS ALBOGULARIS (CASSIN)
266,AVES,INFUSCATUS,PHIMOSUS INFUSCATUS
267,MOLUSCOS,CARACOL,MEGALONULIM OBLONGUS
268,AVES,AMAZONA FESTIVA,AMAZONA FESTIVA
269,MAMIFEROS,TAMANDUA,TAMANDUA MEXICANA
270,AVES,GARCETA AZUL,AGRETTA CAERULES
271,REPTILES,PITON REAL,PYTHON REGIUS
272,MAMIFEROS,DESCONOCIDO,MARMOSA SP.
273,AVES,COLIBRI COLIMORADO,AMAZILIA VIRIDIGASTER
274,REPTILES,TARICAYA,PODOCNEMYS UNIFILIS
275,AVES,PICO GORDO LONCHURA,LONCHURA ATRICAPILLA
276,REPTILES,MATAGANADO,TANTILLA LONGIFRONTALIS
277,AVES,HERODIAS,ARDEA HERODIAS
278,MAMIFEROS,TITI COBRIZO,CALLICEBUS CUPREUS
279,AVES,GUACHARACA,ORTALIS MOTMOT
280,ESPECIMENES,PUMA,PUMA CONCOLOR
281,MAMIFEROS,ARMADILLO COLA DE TRAPO,CABASSOUS CENTRALIS
282,AVES,CARPINTERO DE NUTAL,PICOIDES NUTTALLI
283,ESPECIMENES,TAMANDUA,TAMANDUA MEXICANA
284,ANFIBIOS,RANA VENENOSA DEL CAUCA,RANITOMEYA BOMBETES
285,REPTILES,DESCONOCIDO,ANOLIS
286,REPTILES,CORREDORA,MASTIGODRYAS MELANOLOMUS
287,AVES,PATO REAL,CAIRINA MOSCHATA
288,AVES,PRASINUS,AULACORHYNCHUS PRASINUS
289,REPTILES,NEBULATA,SIBON NEBULATA
290,AVES,THULA,EGRETA THULA
291,AVES,CIRIRI,COMPTODTOMA OBSOLETUM
292,AVES,BONARIENSIS,MOLOTHRUS BONARIENSIS
293,MAMIFEROS,DISCOLOR,PHYLLOSTOMUS DISCOLOR
294,REPTILES,DESCONOCIDO,BASILISCUS SP.
295,AVES,CAYANA,PIAYA CAYANA
296,AVES,AVES,XENERPESTES MINLOSI
297,AVES,GAVILAN CARACOLERO,ROSTRHAMUS SOCIABILIS
298,MAMIFEROS,MOLOSSUS,MOLOSSUS MOLOSSUS
299,REPTILES,TORTUGA NARIZONA,RHINOCLEMYS NASUTA
300,ESPECIMENES,CORAL MATA GANADO,TANTILLA LONGIFRONTALIS
301,ESPECIMENES,CAZADORA,ERYTHROLAMPRUS BIZONUS
302,ESPECIMENES,EQUIX VERRUGOSA,LACHESIS ACROCHARTA
303,ESPECIMENES,CAZADORA,CHERONIUS GRANDISQUAMIS
304,ESPECIMENES,CAZADORA,SIBON NEBULATA
305,ESPECIMENES,RABO DE AJI,MICRURUS MIPARTITUS
306,ESPECIMENES,ZARIGÜEYA,MARMOSOPS SP.
307,ESPECIMENES,ESCORPION,ESCORPION
308,ESPECIMENES,SERPIENTE,DENDROPHIDION BIVITTATUS
309,AVES,BIEN PARAO,NYCTIBIUS AETHEREUS
310,AVES,POLLUELA PIQUIROJA,NEOCREX ERYTHROPS
311,AVES,COLUMBINA MENUDA,COLUMBINA MINUTA
312,AVES,DESCONOCIDO,VIREO   SP.
313,REPTILES,MORROCOY,CHELONOIDES DENTICULATA
314,MAMIFEROS,DESCONOCIDO,MOLOSSUS SP
315,CRUSTACEOS,LANGOSTA,CHERAX QUADRICARINATUS
316,REPTILES,MABOUYA,MABUYA MABOUYA
317,AVES,PEREGRINUS,FALCO PEREGRINUS
318,REPTILES,TORTUGA DE RIO,PODOCNEMIS LEWYANA
319,MAMIFEROS,MONO CACHUDO,SAPAJUS APELLA
320,MAMIFEROS,MAPACHE,PROCYON CANCRIVORUS
321,REPTILES,DESCONOCIDO,DIPSAS SP.
322,REPTILES,CORREDORA NUQUINEGRA,DENDROPHIDION NECHALE
323,ANFIBIOS,HISTRIONICUS,DENDROBATES HISTRIONICUS
324,AVES,FLAVINUCHA,ANISOGNATHUS FLAVINUCHA
325,AVES,GORRION,FRINGILLIDAE
326,REPTILES,TORTUGA,KINOSTERNUM LEUCOSTONUM
327,AVES,GONZALITO,ICTERUS NIGROGULARIS
328,CRUSTACEOS,CANGREJO,FREDIUS
329,AVES,CARPINTERO,MELANERPES SP
330,AVES,ARDEA ALBA,GARZA BLANCA
331,MAMIFEROS,TITI PIGMEO,CEBUELLA PYGMAEA
332,AVES,CYANICOLLIS,TANGARA CYANICOLLIS
333,MAMIFEROS,BARBARA,EIRA BARBARA
334,AVES,GYROLA,TANGARA GYROLA
335,ESPECIMENES,VENADO,MAZAMA AMERICANA
336,AVES,SALTARÍN,LEPIDOTHRIX CORONATA
337,AVES,CARRIQUI PECHIBLANCO,CYANOCORAX AFFINIS
338,AVES,FLAMMIGERUS,RAMPHOCELUS FLAMMIGERUS
339,ESPECIMENES,VENADO COLIBLANCA,ODOCOILEUS VIRGINIANUS
340,AVES,PALOMA,COLUMBA LIVIA
341,REPTILES,TAPACULO,KINOSTERNON SCORPIOIDES
342,MAMIFEROS,OLINGUITO,BASSARICYON SP.
343,ESPECIMENES,TORTUGA BOBA,CARETTA CARETTA
344,REPTILES,BOA ARCOIRIS,EPICRATES MAURUS
345,AVES,GAVILAN,BUTEO BRACHYURUS
346,AVES,SPARVERIUS CAUCAE,FALCO SPARVERIUS CAUCAE CHAPMAN
347,AVES,AFFINIS,VENILIORNIS AFFINIS
348,REPTILES,TORTUGA HICOTEA,TRACHEMYS VENUSTA
349,AVES,CORRUSCANS,COLIBRI CORRUSCANS
350,MAMIFEROS,SP. (MARSUPIALIS O ALVIVENTRIS),DIDELPHIS SP. (MARSUPIALIS O ALVIVENTRIS)
351,AVES,CASANGA CARIROSADA,PIONOPSITA PULCHRA
352,REPTILES,CAZADORA,SPILOTES PULLATUS
353,ESPECIMENES,CAPARAZON,DASYPUS NOVEMCINCTUS
354,MAMIFEROS,TAJACU,TAYASSU TAJACU LINNAEUS
355,ARTROPODOS,LANGOSTA DE RIO,MACROBRACHIUM CARCINUS
356,REPTILES,TORTUGA OREJI ROJA,TRACHEMYS ELEGANS
357,REPTILES,TORTUGA MATA MATA,CHELUS FIMBRIATUS
358,AVES,RUFUS,PACHYRAMPHUS RUFUS
359,AVES,ALBIGULA,BUTEO ALBIGULA PHILIPPI
360,AVES,LECHUZA,NYCTIBIUS GRANDIS
361,MAMIFEROS,FRENATA AFFINIS,MUSTELA FRENATA AFFINIS L.E. GRAY
362,REPTILES,SERPIENTE,MASTIGODRYAS BODDAERTI
363,AVES,GARZA,ARDEA ALBA
364,MAMIFEROS,MARTEJA,AOTUS SP
365,MAMIFEROS,CAPARAZON ARMADILLO,DASYPUS NOVEMCINCTUS
366,AVES,GAVILAN,FALCO RUFIGULARIS
367,AVES,TUCAN,PTEROGLOSUS TORQUARUS
368,REPTILES,TORTUGA,KINOSTERNON DUNNI
369,AVES,STRIATUS VENTRALIS,ACCIPITER STRIATUS VENTRALIS P.L. SCLATER
370,ANFIBIOS,SAPO,RHINELA MARINA
371,AVES,AGUILA ISIDORI,SPIZAETUS ISIDORI
372,REPTILES,TORTUGA TAPACULO,KINOSTERNON SCORPIOIDES
373,REPTILES,TAPACULO,KINOSTERNON LEUCOSTOMUS
374,AVES,CHAVARRÍA,CHAUNA CHAVARIA
375,REPTILES,TORTUGA TAPACULO,KINOSTERNON DUNNI
376,MAMIFEROS,MONO NOCTURNO,AOTUS SP
377,AVES,FORMICIVORUS,MELANERPES FORMICIVORUS
378,REPTILES,TOCHE VOLADORA,SPILOTES PULLATUS
379,AVES,LOROS CASCABELITOS,FORPUS CONSPICILLATUS
380,AVES,MAJOR,TARABA MAJOR
381,MAMIFEROS,RATA COMÚN,RATTUS RATTUS
382,FAUNA ACUATICA,CORAL DE FUEGO,MILLEPORA SP.
383,FAUNA ACUATICA,CORAL ROSA,MANICINA AREOLATA
384,FAUNA ACUATICA,CORAL CACTUS,HELIOSERIS CUCULLATA
385,FAUNA ACUATICA,CORAL,AGARICIA SPP.
386,FAUNA ACUATICA,CORAL DE CEREBRO,COLPOPHYLLIA NATANS
387,ESPECIMENES,GARRAS DE FELINO,NO DETERMINADA
388,ESPECIMENES,CAPARAZÓN TORTUGA,CHELONIA MYDAS
389,MAMIFEROS,VENADO,MAZAMA AMERICANA
390,AVES,GARZA REAL,ARDEA CINEREA
391,MAMIFEROS,RUFESCENS,ECHINOPROCTA RUFESCENS J.E. GRAY
392,AVES,RUTICILLA,SETOPHAGA RUTICILLA  SUBSP. MIGRATORIA
393,ARACNIDOS,TARANTULA,SIN DETERMINAR
394,AVES,FLAVEOLA,COEREBA FLAVEOLA
395,AVES,TINGUA,PORZANA CAROLINA
396,AVES,COLIBRI,COLIBRI SP
397,ARACNIDOS,ARAÑA,PHONEUTRIA NIGRIVENTER
398,REPTILES,IGUANA (HUEVOS),IGUANA IGUANA
399,AVES,SOLITARIUS,HARPYHALIAETUS SOLITARIUS
400,REPTILES,IGUANA,IGUANA IGUANA HUEVOS
401,FAUNA ACUATICA,TEMBLON,ELECTROPHORUS ELECTRICUS
402,MAMIFEROS,NEONATO,NO IDENTIFICADA
403,MAMIFEROS,NEONATO MAMIFERO,INDETERMINADA
404,REPTILES,CAZADORA,ERYTHROLAMPUS TYPHLUS
405,REPTILES,MATA MATA,CHELUS FIMBRIATA
406,AVES,FORMICIVORUS FLAVIGULA,MELANERPES FORMICIVORUS FLAVIGULA (MALHERBE)
407,AVES,CHAVARRÍ,CHAUNA CHAVARIA
408,CRUSTACEOS,CANGREJO VIOLINISTA,UCA SP
409,AVES,ATRATUS,CORAGYPS ATRATUS BECHSTEIN
410,ESPECIMENES,TORTUGA,KINOSTERNON LEUCOSTOMUM
411,ESPECIMENES,TORTUGA,CHELONOIDIS CARBONARIA
412,AVES,COTORRA CARIROSADA,PYRILIA PULCHRA
413,REPTILES,CAZADORA,ERYTHROLAMPRUS MELANOTUS
414,AVES,TUCAN DE PICO ROJO,RAMPHASTOS TUCANUS
415,AVES,AMERICANA,CHLOROCERYLE AMERICANA
416,AVES,ALBIGULARIS,LATERALLUS ALBIGULARIS
417,AVES,STRIATUS,BUTORIDES STRIATUS
418,MAMIFEROS,TAMANDUA,TAMANDUA SP
419,AVES,TANGARA TRIGUERA,TANGARA CAYANA
420,AVES,ALBOCOLLIS,NYCTIDROMUS ALBOCOLLIS
421,MAMIFEROS,PACA,CUNICULUS PACA
422,AVES,MOMOTA AEQUATORIALIS,MOMOTUS MOMOTA AEQUATORIALIS GOULD
423,AVES,UNCINATUS,CHONDROHIERAX UNCINATUS
424,REPTILES,DESCONOCIDO,DESCONOCIDO
425,AVES,PLANCUS,POLYBORUS PLANCUS
426,AVES,WAGLERI,PSAROCOLIUS WAGLERI
427,AVES,SAUCEROTTEI,AMAZILIA SAUCEROTTEI
428,MAMIFEROS,BRASILIENSIS ANDINUS,EPTESICUS BRASILIENSIS ANDINUS J.A. ALLEN
429,AVES,BUHO REAL,BUBO VIRGINIANUS
430,AVES,PERIQUITO ALIAZUL,BROTEGERIS CYANOPTERA
431,AVES,GUY,PHAETHORNIS GUY
432,AVES,NIGRICOLLIS,ANTHRACOTHORAX NIGRICOLLIS
433,REPTILES,TAIRA,EIRA BARBARA
434,REPTILES,FALSA CORAL,ERYTHROLAMPRUS BIZONA
435,AVES,MERCENARIA CANIPALLIATA,AMAZONA MERCENARIA CANIPALLIATA (CABANIS)
436,AVES,CONSPICILLATUS,FORPUS CONSPICILLATUS SUBSP. PERQUITO
437,AVES,BUHO RAYADO,PSEUDOSCOPS CLAMATOR
438,MAMIFEROS,ZARIGÜEYA,CALUROMYS LANATUS
439,AVES,OLIVACEA,PIRANGA OLIVACEA (GMELIN)
440,MAMIFEROS,PERSPICILLATA,CAROLLIA PERSPICILLATA
441,MAMIFEROS,JAGUAR,PANTHERA ONCA
442,AVES,BOURCIERII,EUBUCCO BOURCIERII
443,AVES,VIRENS,CONTOPUS VIRENS (LINNAEUS)
444,AVES,PSALTRIA,CARDUELIS PSALTRIA
445,AVES,AMERICANA,SPOROPHILA AMERICANA
446,MAMIFEROS,NUTRIA,LONTRA LONGICAUDIS
447,AVES,TYRANNUS,TYRANNUS TYRANNUS
448,MAMIFEROS,ALBESCENS,MYOTIS ALBESCENS
449,AVES,TURPIAL LAGUNERO,GYMNOMYSTAX MEXICANUS
450,AVES,CURIO RENEGRIDO,SPOROPHILIA CRASSIROSTRIS
451,AVES,CAPENSIS,ZONOTRICHIA CAPENSIS
452,MAMIFEROS,OLIVACEA LAGUNETAE,NASUELLA OLIVACEA LAGUNETAE J.A. ALLEN
453,AVES,CARDENAL GUAJIRO,CARDENALIS PHOENICEUS
454,AVES,COTORRA CARIAMARILLA,PYRILIA PYRILIA
455,REPTILES,ATROX,BOTHROPS ATROX
456,AVES,BICOLOR,DENDROCYGNA BICOLOR
457,MAMIFEROS,DESCONOCIDO,DESCONOCIDO
458,AVES,COTORRA CABECIAZUL,PIONUS MENSTRUUS
459,AVES,GAVILAN CAMINERO,RUPORNIS MAGNIROSTRIS
460,AVES,COQUITO,PHIMOSUS INFUSCATUS
461,AVES,TORCAZA,COLUMBINA TALPACOTI
462,AVES,TORCAZA,ZENAIDA AURICULATA
463,AVES,SIRIRI,TYRANNUS MELANCHOLICUS
464,AVES,CARPINTERO,DRYOCOPUS LINEATUS
465,MAMIFEROS,MARMOSA,MARMOSA SP
466,MAMIFEROS,ARDILLA,NOTOSCIURUS GRANATENSIS
467,AVES,BUJIO,NYCTIDROMUS ALBICOLLIS
468,REPTILES,CULEBRA CABEZONA,IMANTODES CENCHOA
469,AVES,TORCAZA,COLIUMBINA TALPCOTI
470,MAMIFEROS,ONCILLA,LEOPARDUS TIGRINUS
471,MAMIFEROS,VENADO,MAZAMA
472,MAMIFEROS,ZARIGÜEYA,DIDELPHIS MARSUPIALIS
473,AVES,GALLINAZOS,CORAGYPS ATRATUS
474,MAMIFEROS,PUMA,PUMA CONCOLOR
475,MAMIFEROS,DANTA,TAPIRUS PINCHAQUE
476,REPTILES,OJO DE GATO,IMANTODES CENCHOA
477,AVES,TOCHE VOLADORA,SPILOTES PULLATUS
478,AVES,POLLA DE AGUA,PORPHYRIO MARTINICUS
479,REPTILES,BOA CHOCOLATE,EPICRATES MAURUS
480,REPTILES,CAZADORA NEGRA,CLELIA CLELIA
481,AVES,TÓRTOLA,COLUMBINA TALPACOTI
482,REPTILES,TORTUGA TERECAY,PODOCNEMIS UNIFILIS
483,REPTILES,TORTUGA SABANERA,PODOCNEMIS VOGLI
484,REPTILES,CAZADORA NEGRA,CLEIA CLEIA
485,REPTILES,DRAGON BARBUDO,POGONA VITTICEPS
486,DESCONOCIDO,CUCARACHAS,CUCARACHAS
487,DESCONOCIDO,MUDAS,MUDAS DE BOAS CONSTRICTOR
488,DESCONOCIDO,GRILLOS,GRYLLUS CAMPESTRES
489,REPTILES,HICOTEA,TRACHEMYC CALLIROSTRIS
490,AVES,GUACAMAYA AZUL Y AMARILLA,ARA ARARAUNA
491,AVES,LORA CACHETI AMARILLA,AMAZONA AMAZONICA
492,AVES,GALLINAZO,CORAGYPS ATRATUS
493,AVES,CANARIO,SICALIS FLAVEOLA
494,AVES,PERICO,BROTOGERIS JUGULARIS
495,AVES,BARRANQUERO,MOMOTUS AEQUATORIALIS
496,AVES,TÓRTOLA,ZENAIDA AURICULATA
497,AVES,PERICO,FORPUS CONSPICILLATUS
498,MAMIFEROS,PEREZOSO DE DOS DEDOS,CHOLOEPUS HOFFMANNI
499,MAMIFEROS,GUATIN,DASYPROCTA PUNCTATA
500,AVES,CARISUCIO,EUPSITTULA PERTINAX
501,AVES,AGUILA DE COLA BLANCA,GERANOAETUS ALBICAUDATUS
502,AVES,LORA FRENTI AMARILLA,AMAZONA OCHROCEPHALA
503,REPTILES,SERPIENTE CARACOLERA,SIBON NEBULATUS
504,REPTILES,MONO NOCTURNO,AOTUS SP
505,MAMIFEROS,ERIZO,COENDOU RUFESCENS
506,AVES,PERICO CASCABELITO,FORPUS CONSPICILLATUS
507,AVES,GUACAMAYA ENANA,ARA SEVERUS
508,AVES,ARDILLA,SCIURUS GRANATENSIS
509,MAMIFEROS,ARMADILLO,DASYPUS NOVEMCINCTUS
510,AVES,AGUILA REAL DE MONTAÑA,SPIZAETUS ISIDORI
511,AVES,MORROCOY,CHELONOIDIS CARBONARIA
512,AVES,HICOTEA,TRACHEMYS CALLIROSTRIS
513,AVES,PEZ BASA,PANGASIANODON HYPOPHTHALMUS
514,AVES,PERIQUITO BRONCEADO,BROTOGERIS JUGULARIS
515,MAMIFEROS,PEZ GATO,HEXANEMATICHTHYS SEEMANNI
516,AVES,POLLA DE AGUA,PORPHYRIO MARTINICA
517,MAMIFEROS,ARMADILLO DE 9 BANDAS,DASYPUS NOVEMCINCTUS
518,AVES,GUACHARACA,ORTALIS COLUMBIANA
519,AVES,CERNICALO,FALCO SPARVERIUS
520,DESCONOCIDO,SIN DATOS,PENDIENTE ID
521,AVES,TURPIAL AMARILLO,ICTERUS NIGROGULARIS
522,AVES,COTORRA PECHIBLANCA,PIONITES MELANOCEPHALUS
523,AVES,TURPIAL MONTAÑERO,ICTERUS CHRYSATER
524,AVES,COTORRA CABECIAZUL,PIONUS MENTRUUS
525,AVES,LORA CACHETIAMARILLA,AMAZONA AMAZONICA
526,MAMIFEROS,MURCIELAGO,MOLOSSUS MOLOSSUS
527,MAMIFEROS,ZORRO PERRO,CERDOCYON THOUS
528,AVES,BICHOFUE,PITANGUS SULPHURATUS
529,MAMIFEROS,PEREZOSO DE 2 DEDOS,CHOLOEPUS HOFFMANNI
530,AVES,TUCANCITO ESMERALDA,AULACORHYNCHUS HAEMATOPYGUS
531,AVES,TAPACULO,KINOSTERNON LEUCOSTOMUM
532,AVES,BOA,BOA CONSTRICTOR
533,AVES,GARZA PATIAMARILLA,EGRETTA THULA
534,AVES,GUACAMAYA ROJA,ARA CHLOROPTERUS
535,REPTILES,TORTUGA TAPACULO,KINOSTERNON LEUCOSTOMUM
536,REPTILES,TORTUGA ICOTEA,TRACHEMYS CALLIROSTRIS
537,MOLUSCOS,CARACOL MANZANA,POMACEA CANALICULATA
538,ARACNIDOS,TARANTULA,BRACHYPELMA SMITHI
539,AVES,LECHUZA,TYTO ALBA
540,REPTILES,CAZADRA NEGRA,CLELIA CLELIA
541,AVES,COLIBRI,AMAZILIA TZACATL
542,MAMIFEROS,ARDILLA,NOTROSCIURUS GRANATENSIS
543,ANFIBIOS,RANA,DENDROPSOPHUS COLUMBIANUS
544,REPTILES,CAZADORA,CHIRONIUS MONTICOLA
545,MAMIFEROS,GUAGUA,CUNICULUS PACA
546,AVES,GAVILAN CAMINERO,MILVAGO CHIMACHIMA
547,AVES,TOCHE,SPILOTES PULLATUS
548,AVES,MORROCY,CHELONOIDIS CARBONARIA
549,AVES,CORMORAN,PHALACRCORAX BRASILIANUS
550,AVES,ARDILLA,NOTOSCIURUS GRANATENSIS
551,REPTILES,ALACRANERA,STENORRHINA DEGENHARDTII
552,AVES,PERIQUITO CACABELITO,FORPUS CONSPICILLATUS
553,MAMIFEROS,CUSUMBO,NASUELLA OLIVACEA
554,AVES,BUHO CURRUCUTU,MEGASCOPS CHOLIBA
555,ANFIBIOS,AJOLOTE,AMBYSTOMA MEXICANUM
556,REPTILES,MORROCY,CHELONOIDIS CARBONARIA
557,AVES,COLIBRI,ANTHRACOTHORAX NIGRICOLLIS
558,MAMIFEROS,ARDILLA,SCIURUS GRANATENSIS
559,AVES,LORA CABECIAZUL,PIONUS MENSTRUUS RUBRIGULARIS
560,MAMIFEROS,MONO AULLADOR,ALOUATTA SENICULUS
561,AVES,GALLITO DE ROCA,RUPICOLA PERUVIANA
562,MAMIFEROS,YAGUARUNDI,PUMA YAGOUAROUNDI
563,AVES,AGUILA BLANQUINEGRA,SPIZAETUS MELANOLEUCUS
564,REPTILES,TORTUGA CHARAPA,PODOCNEMIS UNIFILIS
565,AVES,PERICO BRONCEADO,PSITTACARA WAGLERI
566,MAMIFEROS,MONO CARIBLANCO,CEBUS ALBIFRONS
567,AVES,COTORRA NEGRA,PIONUS CHALCOPTERUS
568,AVES,PERICO CARISUCIO,EUPSITTULLA PERTINAX
569,REPTILES,FALSA CORAL,OXYRHOPUS PETOLA
570,AVES,COLUMBINA TALPACOTI,COLUMBINA TALPACOTI
571,AVES,COTORRA CABECIAZUL,PIONUS MENSTRUUS RUBRIGULARIS
572,AVES,AGUILA PESCADORA,PANDION HALIAETUS
573,MAMIFEROS,PERRO DE MONTE,POTOS FLAVUS
574,AVES,CUCO AMERICANO,COCCYZUS AMERICANUS
575,MAMIFEROS,MUERCIELAGO,MOLOSSUS MOLOSSUS
576,MAMIFEROS,MONO ARAÑA,ATELES SP.
577,MAMIFEROS,TITI PANAMEÑO,SAGUINUS GEOFFROYI
578,AVES,GARCITA ESTRIADA,BUTERIDES STRIATA
579,AVES,GOLONDRINA,OROCHELIDON MURINA
580,AVES,PELLAR,VANELLUS CHILENSIS
581,MAMIFEROS,PUERCOESPIN,COENDOU RUFESCENS
582,REPTILES,VERDADERA CORAL,MICRURUS MIPARTITUS
583,AVES,CAZADORA,CHIRONIUS MONTICOLA
584,REPTILES,SERPIENTE PAJARERA,PHRYNONAX
585,MAMIFEROS,COMADREJA,MUSTELA FRENATA
586,MAMIFEROS,CHIGUIRO,HYDROCHOERUS HYDROCHAERIS
587,AVES,COTORRA CARATEJA,PIONUS TUMULTUOSUS
588,AVES,CORMORÁN,PHALACROCORAX BRASILIANUS
589,MAMIFEROS,GUATÍN,DASYPROCTA PUNCTATA
590,REPTILES,GRANADILLA,SPILOTES PULLATUS
591,REPTILES,RESOPLONA,PHRYNONAX POECILONOTUS
592,AVES,COTORRA FRENTIRROJA,PSITTACARA WAGLERI
593,AVES,GUACAMAYA CARISECA,ARA SEVERUS
594,MAMIFEROS,MONO ARAÑA CAFÉ,ATELES HYBRIDUS
595,MAMIFEROS,MONO ARAÑA CABECINEGRO,ATELES FUSCICEPS
596,AVES,LORO CARISUCIO,EUPSITTULA PERTINAX
597,REPTILES,MORROCOY,CHELONOIDIS CARBONARIA
598,AVES,SINSONTE,MIMUS GILVUS
599,AVES,CARRIQUÍ PECHIBLANCO,CYANOCORAX AFFINIS
600,AVES,CURRUCUTÚ,LECHUZA
601,MAMIFEROS,OCELOTE,LEOPARDUS PARDALIS
602,AVES,ALCARAVÁN,VANELLUS CHILENSIS
603,AVES,BIEN PARADO,NYCTIBIUS GRISEUS
604,MAMIFEROS,CAPUCHINO,CEBUS CAPUCCINUS
605,AVES,GOLONDRINA,PYGOCHELIDON CYANOLEUCA
606,MAMIFEROS,TAPACULOS,KINOSTERNON LEUCOSTOMUM
607,AVES,CARDENAL,PYROCEPHALUS RUBINUS
608,AVES,LORA CABECIAZUL,PIONUS MESTRUUS
609,AVES,TAPACULOS,KINOSTERNON LEUCOSTOMUM
610,AVES,AZOR DIMINUTO,ACCIPITER SUPERCILIOSUS
611,AVES,HALCON PLOMADO,FALCO FEMORALIS
612,AVES,AGUILA ARPIA,HARPIA HARPYJA
613,AVES,TUCANETA RABI ROJO,AULACORHYNCHUS HAEMATOPYGUS
614,AVES,POLLA DE AGUA,MUSTELIRALLUS SP
615,AVES,AGUILA CRESTADA,SPIZAETUS ISIDORI
616,AVES,LORA CABECIAZUL,PIONUS MENTRUUS RUBRIGULARES
617,AVES,LORA CABECIAZUL,PIONUS MESNSTRUUS RUBRIGULARIS
618,REPTILES,FALSA CORAL,OXHRYOPUS PETALARIUS
619,AVES,TUCAN,AULACORHYNCHUS HAEMATOPYGUS
620,AVES,LORE CACHETIAMARILLA,AMAZONA AMAZONICA
621,REPTILES,ICOTEA,TRACHEMYS CALLIROSTRIS
622,REPTILES,CHARAPA,PODOCNEMIS UNIFILIS
623,MOLUSCOS,LANGOSTAS,CHERAX SP.
624,AVES,SEMILLERO,SPINUS SP.
625,AVES,LORA FRENTIROJA,AMAZONA AUTUMNALIS
626,MAMIFEROS,PEREZOSO 2 DEDOS,CHOLOEPUS HOFFMANNI
627,MAMIFEROS,MURCIELAGO,ARTIBEUS LITURATUS
628,AVES,TUCAN ESMERALDA,AULACORHYNCHUS HAEMATOPYGUS
629,MAMIFEROS,MARMOSA,PENDIENTE
630,AVES,GARRAPATERO,MILVAGO CHIMACHIMA
631,MAMIFEROS,HURON,MUSTELA PUTORIUS FURO
632,REPTILES,FALSA CORAL,ERYTHROLAMPRUS EPINEPHELUS
633,AVES,CORMORAN,PHALACROCORAX BRASILIANUS
634,AVES,VENCEJO,STREPTOPROCNE ZONARIS
635,MAMIFEROS,ZORRO PERRUNO,CERDOCYON THOUS
636,MAMIFEROS,PUERCO ESPIN,COENDOU RUFESCENS
637,MAMIFEROS,TITI CABEZA DE ALGODON,SAGUINUS OEDIPUS
638,AVES,PERICO CARISUCIO,EUPSITTULA PERTINAX
639,AVES,COTORRA CABECIAZUL,PIONUS MENSTRUUS RUBRIGULARES
640,AVES,LORA REAL,AMAZONA FARINOSA
641,REPTILES,TORTUGA MORROCOY,CHELONOIDIS
642,AVES,PERICO FRENTIROJO,PSITTACARA WAGLERI
643,AVES,AZULEJO PALMERO,THRAUPIS PALMARUM
644,REPTILES,CORAL VERDADERA,MICRURUS MIPARTITUS
645,MAMIFEROS,TINGUA,PORPHYRIO MARTINICA
646,REPTILES,SERPIENTE OJO DE GATO,IMANTODES CENCHOA
647,AVES,ESMEREJON,FALCO COLUMBARIUS
648,REPTILES,SERPIENTE RAYUELA,DENDROPHIDION BIVITTATUS
649,AVES,VENCEJO,PYGOCHELIDON CYANOLEUCA
650,AVES,GAVILAN DE SWANSONI,BUTEO SWAINSONI
651,AVES,ATRAPAMOSCAS,PYROCEPHALUS RUBINUS
652,MAMIFEROS,PERRO MONTE,POTOS FLAVUS
653,MAMIFEROS,NUTRIA DE RIO,LONTRA LONGICAUDIS
654,AVES,GARRAPATERO,CROTOPHAGA ANI
655,MAMIFEROS,MONO CORNUDO,SAPAJUS APELLA
656,AVES,GARZA BUEYERA,BUBULCUS IBIS
657,REPTILES,TORTUGA MORROCOY,CHELONOIDIS DENTICULATA
658,REPTILES,TORTUGA ESTUCHE,KINOSTERNON DUNNI
659,REPTILES,TORTUGA MORDEDORA,CHELYDRA ACUTIROSTRIS
660,AVES,MARTIN PESCADOR,MEGACERYLE TORQUATA
661,REPTILES,CAZADORA CARACOLERA,DIPSAS SANCTIJOANNIS
662,REPTILES,TORTUGA MORROCOY,CHELONODIS CARBONARIA
663,MAMIFEROS,TAIRA,EIRA BARBARA
664,AVES,ARROYERA DE COLA NEGRA,DRYMARCHON MELANURUS
665,AVES,PISINGO,DENDROCYGNA AUTUMNALIS
666,REPTILES,TORTUGA TAPACULO,KINOSTERNON LEUCOSTOMUN
667,AVES,PAVA MARAQUERA,CHAMAEPETES GOUDOTII
668,AVES,TINGUA,PORPHYRIO MARTINICA
669,AVES,ALCARAVAN,VANELLUS CHILENSIS
670,AVES,MIRLA COMUN,TURDUS IGNOBILIS
671,AVES,CHILACOA,ARAMIDES CAJANEUS
672,MAMIFEROS,HORMIGUERO,TAMANDUA MEXICANA
673,REPTILES,CULEBRA PERICO VERDE,LEPTOPHIS AHAETULLA
674,AVES,COCLI,THERISTICUS CAUDATUS
675,MAMIFEROS,ZORRO,CERDOCYON THOUS
676,AVES,TORCASA,ZENAIDA AURICULATA
677,REPTILES,FALSA CORAL,OXYRHOPUS PETOLARIUS
678,AVES,CARPINTERO,MELANERPES FORMICIVORUS
679,REPTILES,TORTUGA TAPA CULO,KINOSTERNON LEUCOSTOMUM
680,AVES,BUHO,MEGASCOPS CHOLIBA
681,AVES,IBIS COQUITO,PHIMOSUS INFUSCATUS
682,MAMIFEROS,ERIZO AFRICANO,ATELERIX ALBIVENTRIS
683,AVES,POLLA AZUL,PORPHYRIO MARTINICUS
684,AVES,HALCON MURCIELAGUERO,FALCO RUFIGULARIS
685,REPTILES,TORTUGA MORROCOY,CHELONOIDES CARBONARIA
686,AVES,GUACHARO,STEATORNIS CARIPENSIS
687,AVES,GUACAMAYA ALAS VERDES,ARA CHLOROPTERUS
688,AVES,GAVILAN DE ALAS ANCHAS,BUTEO PLATYPTERUS
689,REPTILES,TORTUGA MORROCOY,CHELONOIDES DENTRICULATA
690,AVES,GUACAMAYA AZUL-AMARILLA,ARA ARARAUNA
691,AVES,TUCANETA ESMERALDA,AULACORHYNCHUS HAEMATOPYGUS
692,REPTILES,CAZADORA TROPICAL,MASTIGODRYAS DANIELI
693,MAMIFEROS,ZARIGÜEYA,DIDEPLPHIS MARSUPIALIS
694,AVES,LORA FRENTE AMARILLA,AMAZONA OCHROCEPHALA
695,AVES,LORA CABECI AZUL,PIONUS MENSTRUUS
696,AVES,BUHO DE ANTEOJOS,PULSATRIX PERSPICILATA
697,REPTILES,TORTUGA HICOTEA,TRACHEMYS CALLIROSTRIS
698,REPTILES,LORA FRENTE AMARILLA,AMAZONA OCHROCEPHALA
699,AVES,TORCASA,COLUMBINA TALPACOTI
700,AVES,AVESTRUZ,STRUTHIO CAMELUS
701,MAMIFEROS,CHIGUIRO,HYDROCHAERIS HYDROCHAERIS
702,AVES,DIAMANTE BABERO,POEPHILA ACUTICAUDA
703,AVES,GUACAMAYA AZUL,ARA ARARAUNA
704,MAMIFEROS,PEREZOZO DE 2 DEDOS,CHOLOEPUS HOFFMANNI
705,MAMIFEROS,ARMADILLO,DASYPUS NOMENCICTUS
706,AVES,REINITA,COEREBA FLAVEOLA
707,AVES,COLIBRI,AMAZILITA TZACATL
708,REPTILES,TROTUGA ICOTEA,TRACHEMYS CALLIROSTRIS
709,AVES,MIRLA,TURDUS IGNOBILIS
710,REPTILES,VIVORA DE SANGRE,CLELIA CLELIA
711,AVES,CHOTACABRAS,NYCTIDROMUS ALBICOLLIS
712,DESCONOCIDO,DESCONOCIDO,PENDIENTE
713,REPTILES,TALLA EQUIS,BOTHROPS PUNCTATUS
714,REPTILES,TALLA EQUIS,BOTHROPS ASPER
715,REPTILES,TORTUGA CHARAPA,PODOCNEMIS UNIFIIIS
716,REPTILES,GECKO,EUBLEPHARIS MACULARIUS
717,AVES,IGUAZA,DENDROCYGNA AUTUMNALIS
718,MAMIFEROS,AULLADOR,ALOUATTA SENICULUS
719,MAMIFEROS,VENADO COLORADO,MAZAMA RUFINA
720,AVES,COTORRA FRENTIROJA,PSITTACARA WAGLERI
721,REPTILES,CASCABEL,CROTALUS DURISSUS
722,REPTILES,CULEBRA LORA,CHIRONIUS MONTICOLA
723,AVES,LORITO DE FUERTE,HAPALOPSITTACA FUERTESI
724,MAMIFEROS,TIGRILLO,LEOPARDUS WIEDII
725,REPTILES,TORTUGA TAPACULO,KINOSRTERNON LAUCOSTOMUN
726,AVES,GAVILAN GARRAPATERO,MILVAGO CHIMACHIMA
727,REPTILES,CAZADORA VERDE,CHIRONIUS MONTICOLA
728,AVES,CHAMON,MOLOTHRUS ORYZIVORUS
729,AVES,JILGUERO,SPINUS SPINESCENS
730,AVES,TANGARA,TANGARA VITRIOLINA
731,AVES,BUHO E ANTEOJOS,PULSATRIX PERSPICILLATA
732,REPTILES,ONCILLA,LEOPARDUS TIGRINUS
733,REPTILES,ANOLIS,ANOLIS FRASERI
734,AVES,BICHIFUE,PITANGUS SULPHURATUS
735,AVES,BIENPARADO,NYCTIBIUS GRISEUS
736,AVES,PASSERIFORME,PENDIENTE
737,AVES,VERDILLO,PACHYSYLVIA SEMIBRUNNEA
738,AVES,GARZA,BUBULCUS IBIS
739,AVES,PERICO HUILENSE,BROTOGERIS JUGULARIS
740,MAMIFEROS,IGUANA,IGUANA IGUANA
741,REPTILES,PERRO MONTE,POTOS FLAVUS
742,AVES,TORTUGA TAPACULO,KINOSTERNON LEUCOSTOMUM
743,AVES,NUTRIA DE RIO,LONTRA LONGICAUDIS
744,MAMIFEROS,GARRAPATERO,CROTOPHAGA ANI
745,AVES,ZARIGÜEYA,DIDELPHIS MARSUPIALIS
746,MAMIFEROS,TÓRTOLA,ZENAIDA AURICULATA
747,REPTILES,GARZA BUEYERA,BUBULCUS IBIS
748,AVES,PEREZOSO 2 DEDOS,CHOLOEPUS HOFFMANNI
749,REPTILES,BICHOFUE,PITANGUS SULPHURATUS
750,MAMIFEROS,BOA,BOA CONSTRICTOR
751,AVES,TORTUGA ESTUCHE,KINOSTERNON DUNNI
752,MAMIFEROS,COTORRA CABECIAZUL,PIONUS MENSTRUUS RUBRIGULARIS
753,AVES,TORTUGA MORDEDORA,CHELYDRA ACUTIROSTRIS
754,AVES,ZORRO PERRUNO,CERDOCYON THOUS
755,MAMIFEROS,TORCAZA,ZENAIDA AURICULATA
756,REPTILES,TÓRTOLA,COLUMBINA TALPACOTI
757,MAMIFEROS,TÓRTOLA,COLUMBINA TALPACOTI
758,MAMIFEROS,TORTUGA ICOTEA,TRACHEMYS CALLIROSTRIS
759,AVES,TORTUGA ICOTEA,TRACHEMYS CALLIROSTRIS
760,MAMIFEROS,TORTUGA MORROCOY,CHELONOIDIS CARBONARIA
761,AVES,TORTUGA MORROCOY,CHELONOIDIS CARBONARIA
762,AVES,PERRO DE MONTE,POTOS FLAVUS
763,AVES,ARMADILLO,DASYPUS NOVEMCINCTUS
764,AVES,CAZADORA CARACOLERA,DIPSAS SANCTIJOANNIS
765,REPTILES,ZARIGÜEYA,DIDELPHIS MARSUPIALIS
766,AVES,IGUANA,IGUANA IGUANA
767,AVES,SERPIENTE OJO DE GATO,IMANTODES CENCHOA
768,REPTILES,ARDILLA,NOTOSCIURUS GRANATENSIS
769,MAMIFEROS,GAVILAN CAMINERO,RUPORNIS MAGNIROSTRIS
770,MAMIFEROS,TORTUGA TAPACULO,KINOSTERNON LEUCOSTOMUM
771,REPTILES,BIEN PARADO,NYCTIBIUS GRISEUS
772,MAMIFEROS,VENADO SOCHE,MAZAMA RUFINA
773,MAMIFEROS,ARROYERA DE COLA NEGRA,DRYMARCHON MELANURUS
774,MAMIFEROS,PISINGO,DENDROCYGNA AUTUMNALIS
775,REPTILES,PISINGO,DENDROCYGNA AUTUMNALIS
776,AVES,TORTUGA TAPACULO,KINOSTERNON LEUCOSTOMUN
777,AVES,CHIGUIRO,HYDROCHOERUS HYDROCHAERIS
778,MAMIFEROS,LORA FRENTIAMARILLA,AMAZONA OCHROCEPHALA
779,ANFIBIOS,COTORRA CABECIAZUL,PIONUS MENSTRUUS RUBRIGULARIS
780,MAMIFEROS,GARZA BUEYERA,BUBULCUS IBIS
781,MAMIFEROS,CERNICALO,FALCO SPARVERIUS
782,MAMIFEROS,MIRLA COMUN,TURDUS IGNOBILIS
783,MAMIFEROS,LORA CACHETIAMARILLA,AMAZONA AMAZONICA
784,REPTILES,PERRO DE MONTE,POTOS FLAVUS
785,MAMIFEROS,BICHUFUE,PITANGUS SULPHURATUS
786,REPTILES,GUACAMAYA ENANA,ARA SEVERUS
787,MAMIFEROS,CHILACOA,ARAMIDES CAJANEUS
788,REPTILES,TINGUA,PORPHYRIO MARTINICA
789,REPTILES,HORMIGUERO,TAMANDUA MEXICANA
790,MAMIFEROS,CULEBRA PERICO VERDE,LEPTOPHIS AHAETULLA
791,REPTILES,ZORRO,CERDOCYON THOUS
792,REPTILES,COTORRA CABECIAZUL,PIONUS MENSTRUUS
793,AVES,TORTUGA TAPA CULO,KINOSTERNON LEUCOSTOMUM
794,AVES,TORTUGA CHARAPA,PODOCNEMIS UNIFILIS
795,REPTILES,TÓRTOLA,ZENAIDA AURICULATA
796,MAMIFEROS,GALLINAZO,CORAGYPS ATRATUS
797,MAMIFEROS,COTORRA NEGRA,PIONUS CHALCOPTERUS
798,REPTILES,LORA FRENTIAMARILLA,AMAZONA OCHROCEPHALA
799,REPTILES,LORA CACHETIAMARILLA,AMAZONA AMAZONICA
800,MAMIFEROS,IBIS COQUITO,PHIMOSUS INFUSCATUS
801,MAMIFEROS,PERICO CASCABELITO,FORPUS CONSPICILLATUS
802,REPTILES,PERICO CASCABELITO,FORPUS CONSPICILLATUS
803,MAMIFEROS,CANARIO SILVESTRE,SICALIS FLAVEOLA
804,AVES,ERIZO AFRICANO,ATELERIX ALBIVENTRIS
805,REPTILES,POLLA AZUL,PORPHYRIO MARTINICUS
806,MAMIFEROS,TORTUGA MORROCOY,CHELONOIDES CARBONARIA
807,MAMIFEROS,GUACHARO,STEATORNIS CARIPENSIS
808,MAMIFEROS,BUHO CURRUCUTU,MEGASCOPS CHOLIBA
809,MAMIFEROS,TORTUGA CHARAPA,PODOCNEMIS UNIFILIS
810,MAMIFEROS,GARRAPATERO,MILVAGO CHIMACHIMA
811,MAMIFEROS,GUACAMAYA ALAS VERDES,ARA CHLOROPTERUS
812,MAMIFEROS,DIAMANTE BABERO,POEPHILA ACUTICAUDA
813,REPTILES,TANTILLA,TANTILLA LONGIFRONTALIS
814,AVES,ANOLIS,ANOLIS FRASERI
815,REPTILES,PITON BOLA,PYTHON REGIUS
816,AVES,LORA FRENTIAMARILLA,AMAZONA OCHOCEPHALA
817,AVES,GARZA NOCTURNA,NYCTICORAX NYCTICORAX
818,AVES,MOSQUITERO,EMPIDONAX VIRESCENS
819,AVES,MIELERO COMUN,COEREBA FLAVEOLA
820,AVES,CARPINTERO,COLAPTES RUBIGINOSUS
821,AVES,CARPINTERO REAL,DRYOCOPUS LINEATUS
822,AVES,POLLA DEL AGUA,PORPHYRIO MARTINICA
823,REPTILES,CAZADORA,MASTIGODRYAS PLEEI
824,REPTILES,FALSA CORAL,LAMPROPELTIS MICROPHOLIS
825,MAMIFEROS,ERIZO,ATELERIX ALBIVENTRIS
826,AVES,CARPINTERO,DRYOCOPUES LINAOTUS
827,AVES,LORA CABEZIAMARILLA,AMAZONA OCHROCEPHALA
828,AVES,TURPIAL TOCHE,ICTERUS CHRYSOTER
829,AVES,LORA FRENTIAMARAILLA,AMAZONA OCHROCEPHALA
830,REPTILES,TORTUGA,TRACHEMYS CALLIROSTRIS
831,AVES,COTORRA CARISUCIA,EUPSITTULA PERTINAX
832,AVES,PASSERIFORME,PASSERIFORMES
833,MAMIFEROS,PASSERIFORME,PASSERIFORMES
834,AVES,BUHO ANTEOJOS,PULSATRIX PERSPILLATA
835,AVES,GARZA BLANCA,BUBULCUS IBIS
836,AVES,GUAMAMAYA AZUL,ARA ARARAUNA
837,AVES,COLIBRI,GLAUCIS HIRSUTUS
838,AVES,BIGOTUDO,MALACOPTILA PANAMENSIS
839,AVES,GALLINA CIEGA,NYCTIDROMUS ALBICOLLIS
840,REPTILES,CAZADORA,CHIRONIUS MONTICULA
841,AVES,LORO CABEZA AZUL,PIONUS MESTRUUS
842,MAMIFEROS,ZARIGÜEYA,DIDELPHIS MARUPIALIS
843,AVES,BUHO DE ANTEOJOS,PULSATRIX PERSPILATA
844,REPTILES,CULEBRA CORDELILLA,IMANTODES CENCHOA
845,MAMIFEROS,ARDILLLA,NOTOSCIURUS GRANATENSIS
846,AVES,PERICO HUILENSE,FORPUS CONSPICILLATUS
847,AVES,GAVILAN POLLERO,RUPORNIS MAGNIROSTRIS
848,MAMIFEROS,ZORRO-PERRO,CERDOCYON THOUS
849,AVES,BARRANQUERO ANDINO,MOMOTUS AEQUATORIALIS
850,AVES,LORA CABECIAMARILLA,AMAZONA AMAZONICA
851,REPTILES,TORRTUGA ICOTEA,TRACHEMYS CALLIROSTRIS
852,AVES,GAVILAN  GARRAPATERO,MILVAGO CHIMACHIMA
853,AVES,CHAMON COMÙN,MOLOTHRUS BONARIENSIS
854,MAMIFEROS,ZARIGÜEYA,CHIRONECTES MINIMUS
855,AVES,TÓRTOLA,ZENAIDA OURICULATA
856,AVES,GAVILAN,RUPORNIS MAGNIROSTRIS
857,AVES,COLIBRI,FLORISUGA MELLIVORA
858,AVES,TUCANETA,AULACORHYNCHUS HAEMATOPYGUS
859,MAMIFEROS,PEREZOS DE DOS DEDOS,CHOLOEPUS HOFFMANNI
860,AVES,TORTAZA,COLUMBINA TALPACOTI
861,REPTILES,SABANERA,MASTIGODRYAS PLEEI
862,REPTILES,CAZADORA,IMANTODES CENCHOA
863,MAMIFEROS,MARMOSA,MARMOSA
864,REPTILES,CORAL,MICRURUS DUMERILII
865,REPTILES,SERPIENTE CAZADORA,CHIRONIUS MONTICULA
866,AVES,PASSERIFORMES,PASSERIFORMES
867,REPTILES,TORTUGA KINOSTERNON,KINOSTERNON LEUCOSTOMUM
868,AVES,CARPINTERO HABADO,MELANERPES RUBRICAPILLUS
869,AVES,MIELERO VERDE,CHLOROPHANES SPIZA
870,AVES,CHOTACABRA,CICCABA ALBICOLLIS
871,MAMIFEROS,MAPACHE,PROCYON SP.
872,AVES,ASOMA,RAMPHOCELUS FLAMMIGERUS
873,MAMIFEROS,MURCIELAGO,LASIURUS BLOSSEVILLII
874,MAMIFEROS,GUATIN,DASYPROCTA PUNTACTA
875,AVES,CARPINTERO BUCHIPECOSO,COLAPTES PUNCTIGULA
876,AVES,CUCO ARDILLA,PIAYA CAYANA
877,AVES,LORA CABEZA AZUL,PIONUS MENSTRUUS
878,REPTILES,CAMALEON VELADO,CHAMAELEO CALYPTRATUS
879,AVES,COTORRA CABECIAZUL,DIDELPHIS MARSUPIALIS
880,AVES,MIRLA,MIMUS GILVUS
881,MAMIFEROS,VENADO COLA BLANCA,ODOCOILEUS VIRGINIANUS
882,AVES,GUACAMAYA ALIVERDE,ARA CHLOROPTERUS
883,AVES,VIBORA DE SANGRE,CLELIA CLELIA
884,MAMIFEROS,ZORRO CAÑERO,CERDOCYON THOUS
885,MAMIFEROS,PERESOZO DE DOS DEDOS,CHOLOEPUS HOFFMANNI
886,AVES,ZORSAL,CATHARUS USTULATUS
887,REPTILES,SERPIENTE CARACOLERA,DIPSAS SANCTICJOANNIS
888,AVES,COTORRA CABECIAZUL,PIONUS MENSTRUS
889,AVES,MIELERO,CHLOROPHANES SPIZA
890,REPTILES,TORTUGA MORROCOY,CHELONOIDS CARBONARA
891,AVES,GUARDA CAMINOS,DENDROPHIDION BIVITTATUS
892,AVES,TORCASA,LEPTOTILA VERREAUXI
893,AVES,TURPIAL,ICTERUS SPURIUS
894,REPTILES,TORTUGA MORROCOY,CHELONIDIS CARBONARIA
895,AVES,LORA CACHETE AMARILLA,AMAZONA AMAZONICA
896,REPTILES,SERPIENTE OJO DE GATO,LEPTODEIRA SEPTENTRIONALIS
897,AVES,GUACAMAYA MILITAR,ARA MILITARIS
898,MAMIFEROS,PEREZOSO,CHOLOEPUS HOFFMANNI
899,MAMIFEROS,ARMADILLO,DASYPUS NOVEMANCTUS
900,REPTILES,CULEBRA PICO VERDE,LEPTOPHIS AHAETULLA
901,REPTILES,VIBORA DE SANGRE,CLELIA CLELIA
902,MAMIFEROS,GUATINES,DASYPROCTA PUNCTATA
903,AVES,CUCARACHERO,TROFLODYTES AEDON
